<?xml version="1.0" encoding="UTF-8" standalone="yes"?>
<addon id="repository.skodi" name="Skodi Repo" version="1.0" provider-name="Skodi Crew">
    <extension point="xbmc.addon.repository" name="Skodi Repo">
        <dir>
            <info compressed="false">https://raw.githubusercontent.com/Txt-exe/
skodi.github.io
/master/repo/zips/addons.xml</info>
            <checksum>https://raw.githubusercontent.com/Txt-exe/
skodi.github.io
/master/repo/zips/addons.xml.md5</checksum>
            <datadir zip="true">https://raw.githubusercontent.com/Txt-exe/
skodi.github.io
/master/repo/zips/</datadir>
        </dir>
    </extension>
    <extension point="xbmc.addon.metadata">
        <summary>Skodi Repo</summary>
        <description>Repo for all of Skodi addons and updates</description>
        <disclaimer></disclaimer>
        <platform>all</platform>
        <assets>
            <icon>icon.png</icon>
            <fanart>fanart.jpg</fanart>
        </assets>
    </extension>
</addon>